epoch,train_loss,train_acc,val_loss,val_acc
1,0.04333,0.98103,0.01692,0.99732
2,0.01019,0.99643,0.01938,0.99643
3,0.00232,0.99955,0.02806,0.99643
4,0.00468,0.99844,0.02061,0.99643
5,0.00064,0.99978,0.02458,0.99643
6,0.00204,0.99911,0.02579,0.99732
7,0.00104,0.99955,0.02808,0.99643
8,0.00046,0.99978,0.02622,0.99643
