epoch,train_loss,train_acc,val_loss,val_acc
1,0.64644,0.72262,0.27493,0.9619
2,0.2994,0.92738,0.15515,0.96667
3,0.21601,0.94524,0.11181,0.97619
4,0.17485,0.94762,0.10441,0.98095
