epoch,train_loss,train_acc,val_loss,val_acc
1,0.31909,0.89205,0.0777,0.98258
2,0.1446,0.95341,0.06121,0.98182
3,0.10651,0.96155,0.03848,0.98864
4,0.09169,0.96951,0.03183,0.99015
5,0.09364,0.96439,0.03083,0.99167
6,0.07351,0.97311,0.03054,0.99015
7,0.07958,0.97027,0.02557,0.99091
8,0.07903,0.97102,0.02364,0.99394
