epoch,train_loss,train_acc,val_loss,val_acc
1,0.48213,0.77344,0.39118,0.81875
2,0.31249,0.86295,0.34007,0.84554
3,0.24558,0.89911,0.31872,0.86071
4,0.19981,0.92143,0.30423,0.87143
5,0.16419,0.93884,0.29706,0.87679
6,0.13872,0.95045,0.29541,0.88036
7,0.11793,0.96027,0.30183,0.87857
8,0.10431,0.96607,0.29894,0.88125
