epoch,train_loss,train_acc,val_loss,val_acc
1,0.25494,0.91386,0.05487,0.99364
2,0.1117,0.96409,0.02959,0.99636
3,0.09124,0.96614,0.02937,0.99364
4,0.08366,0.97455,0.01906,0.99636
5,0.06887,0.97545,0.01463,0.99727
6,0.06596,0.97568,0.01637,0.99545
7,0.05237,0.98091,0.01288,0.99636
8,0.06736,0.97636,0.01159,0.99818
